experience_years,education_level,relevant_skill_count,certification_count,previous_industry,shortlisted
5.4,Bachelor's,3,,Retail,1
1.6,Bachelor's,4,2.0,Manufacturing,1
6.6,PhD,6,1.0,IT,1
7.1,PhD,6,0.0,Finance,1
0.0,Bachelor's,7,4.0,Healthcare,0
0.9,Master's,8,3.0,IT,1
4.9,Master's,5,1.0,IT,1
3.6,Bachelor's,9,1.0,Manufacturing,1
4.5,Bachelor's,4,4.0,IT,1
2.1,Master's,6,3.0,IT,1
7.0,Master's,9,,Healthcare,1
6.7,Bachelor's,3,1.0,IT,0
4.7,Bachelor's,4,0.0,IT,1
7.7,Bachelor's,6,2.0,IT,1
5.8,PhD,10,5.0,IT,1
2.1,Bachelor's,8,,Finance,1
5.5,Bachelor's,5,2.0,Retail,0
1.8,Bachelor's,7,3.0,IT,0
7.0,Master's,4,1.0,Finance,0
4.4,Master's,6,1.0,Healthcare,1
4.0,Bachelor's,5,3.0,IT,1
2.6,Bachelor's,7,1.0,Finance,0
7.9,Master's,5,2.0,Finance,0
4.1,Bachelor's,7,4.0,IT,1
3.3,Bachelor's,7,2.0,Finance,0
3.5,PhD,11,3.0,IT,1
6.0,Bachelor's,3,8.0,Manufacturing,1
5.5,Bachelor's,5,1.0,Manufacturing,0
5.7,Bachelor's,7,3.0,Manufacturing,0
5.7,Master's,2,1.0,IT,0
10.5,Master's,10,2.0,Retail,1
3.4,Bachelor's,7,0.0,Healthcare,0
3.1,Master's,7,2.0,IT,0
2.2,Master's,7,1.0,Manufacturing,0
6.2,Master's,4,2.0,Retail,1
7.7,Bachelor's,5,2.0,IT,0
4.2,Bachelor's,12,1.0,Manufacturing,1
2.1,Master's,7,1.0,IT,1
2.2,Bachelor's,6,0.0,Finance,0
6.3,Bachelor's,7,2.0,IT,1
6.6,Bachelor's,4,0.0,IT,1
6.0,Master's,8,5.0,Manufacturing,0
2.6,Bachelor's,5,2.0,Healthcare,0
5.2,Bachelor's,5,1.0,IT,1
4.8,Master's,13,0.0,Retail,1
5.1,Bachelor's,3,1.0,Manufacturing,0
6.9,Bachelor's,10,3.0,Manufacturing,1
5.1,Bachelor's,7,2.0,Manufacturing,0
6.4,Bachelor's,5,3.0,Manufacturing,1
4.7,PhD,5,2.0,Healthcare,1
5.3,Bachelor's,7,0.0,IT,1
6.3,Master's,6,1.0,Manufacturing,1
0.4,Bachelor's,4,1.0,IT,0
3.6,Bachelor's,5,2.0,IT,0
3.2,Bachelor's,8,6.0,Finance,1
2.7,Bachelor's,6,0.0,IT,1
3.7,Bachelor's,7,3.0,Healthcare,0
8.7,Bachelor's,6,3.0,Manufacturing,1
,PhD,4,0.0,Finance,1
7.2,Bachelor's,6,2.0,Healthcare,1
,PhD,12,2.0,Finance,1
3.6,Bachelor's,5,1.0,Retail,0
5.0,Bachelor's,12,2.0,IT,0
6.1,Master's,7,3.0,IT,1
6.5,Bachelor's,9,1.0,Healthcare,1
6.7,Bachelor's,4,0.0,Healthcare,0
3.5,Bachelor's,5,3.0,Finance,1
3.2,Bachelor's,8,2.0,IT,0
6.9,Master's,5,2.0,IT,0
4.0,Bachelor's,8,1.0,Retail,0
0.9,PhD,6,2.0,Finance,0
1.3,Bachelor's,2,0.0,Finance,0
1.9,Bachelor's,6,0.0,Manufacturing,0
5.9,Bachelor's,8,1.0,Retail,0
4.9,Bachelor's,5,0.0,IT,1
6.4,Master's,5,1.0,Healthcare,0
3.3,Master's,8,,IT,1
4.9,Bachelor's,6,3.0,IT,1
6.3,Bachelor's,8,2.0,Retail,0
3.6,Master's,7,2.0,IT,0
5.8,Bachelor's,7,2.0,IT,0
2.6,Bachelor's,1,2.0,Manufacturing,1
3.5,Bachelor's,5,0.0,Retail,0
3.4,Bachelor's,7,5.0,Manufacturing,0
1.2,Bachelor's,8,1.0,Manufacturing,1
5.9,Bachelor's,11,3.0,IT,1
3.2,Master's,10,2.0,Healthcare,1
4.5,Bachelor's,4,2.0,Finance,0
5.8,Master's,5,1.0,Retail,0
5.8,Master's,4,3.0,IT,1
6.4,Bachelor's,2,1.0,IT,0
4.2,Bachelor's,5,1.0,IT,0
3.3,Bachelor's,3,2.0,Retail,0
4.3,Master's,8,0.0,IT,1
0.0,Bachelor's,4,2.0,Healthcare,0
0.4,PhD,3,1.0,Manufacturing,0
0.8,Master's,8,0.0,Retail,0
1.7,Master's,3,3.0,Finance,1
5.6,Bachelor's,5,1.0,IT,1
2.0,Bachelor's,8,0.0,Manufacturing,0
3.4,Master's,7,1.0,Healthcare,1
8.1,Master's,8,1.0,Finance,1
,Bachelor's,8,1.0,Manufacturing,0
6.6,Master's,6,1.0,IT,1
1.9,Bachelor's,5,2.0,Finance,1
3.9,Master's,9,1.0,IT,1
1.8,Bachelor's,3,2.0,IT,0
3.6,Bachelor's,5,1.0,Finance,0
6.9,Master's,4,0.0,Retail,1
0.0,Bachelor's,2,2.0,IT,1
5.7,Bachelor's,5,3.0,Retail,0
5.2,Master's,6,3.0,Retail,0
2.8,Master's,8,,Manufacturing,1
0.5,Master's,4,1.0,IT,1
,Bachelor's,7,4.0,Retail,1
3.0,Bachelor's,6,3.0,IT,1
5.2,Master's,8,3.0,Retail,0
4.6,Bachelor's,3,2.0,Finance,0
9.0,Bachelor's,5,0.0,Retail,0
3.8,Bachelor's,7,2.0,IT,1
1.6,Bachelor's,4,1.0,Healthcare,1
5.0,PhD,9,0.0,IT,0
5.1,Bachelor's,5,2.0,IT,1
8.3,Bachelor's,3,2.0,Healthcare,1
6.8,PhD,2,2.0,IT,1
5.5,PhD,5,2.0,Retail,1
8.6,Bachelor's,1,3.0,Retail,0
1.2,Master's,11,2.0,Healthcare,0
2.7,Bachelor's,7,1.0,Retail,0
1.9,Master's,6,2.0,Retail,1
3.4,Bachelor's,3,1.0,Manufacturing,0
0.6,Bachelor's,7,4.0,IT,0
6.3,Bachelor's,5,1.0,Healthcare,1
3.9,Master's,9,2.0,Retail,0
0.4,Bachelor's,5,1.0,IT,1
1.7,Bachelor's,5,1.0,IT,1
5.4,Master's,6,0.0,IT,1
6.8,Bachelor's,5,2.0,Healthcare,1
10.1,Master's,6,2.0,Finance,1
12.7,Bachelor's,8,3.0,Healthcare,1
5.7,Bachelor's,2,2.0,Healthcare,1
1.7,Bachelor's,7,0.0,Healthcare,0
,Bachelor's,4,1.0,IT,0
5.2,Bachelor's,4,6.0,Retail,1
2.2,Bachelor's,11,1.0,Healthcare,0
3.3,Master's,6,1.0,IT,1
2.8,Bachelor's,9,1.0,IT,0
4.1,Bachelor's,6,2.0,IT,1
7.5,Master's,5,2.0,Manufacturing,1
4.9,Bachelor's,6,,IT,1
4.1,Master's,2,1.0,IT,1
1.6,Master's,9,2.0,IT,1
0.0,Bachelor's,5,2.0,IT,0
3.1,Master's,5,0.0,Finance,0
4.3,PhD,2,2.0,Retail,0
,Bachelor's,6,2.0,Finance,0
4.9,PhD,7,1.0,Manufacturing,1
7.3,Bachelor's,2,1.0,IT,1
3.1,Bachelor's,6,2.0,Finance,1
1.2,Bachelor's,1,2.0,Retail,0
1.8,Bachelor's,8,4.0,Healthcare,0
2.5,PhD,6,6.0,Manufacturing,1
10.5,Bachelor's,6,3.0,IT,1
2.2,PhD,6,2.0,Finance,0
6.8,Master's,2,2.0,Healthcare,0
2.0,Master's,3,0.0,IT,0
7.1,PhD,5,3.0,Retail,0
5.6,Bachelor's,5,0.0,IT,1
4.1,PhD,10,4.0,IT,1
4.4,Master's,6,1.0,Retail,0
2.7,Bachelor's,3,4.0,Retail,0
5.7,Master's,5,0.0,Manufacturing,0
3.2,Bachelor's,13,3.0,Manufacturing,1
1.1,Bachelor's,4,1.0,IT,0
0.9,Bachelor's,10,1.0,Healthcare,1
5.0,Bachelor's,6,3.0,Manufacturing,1
8.9,Bachelor's,10,0.0,IT,1
4.9,Bachelor's,5,5.0,Finance,1
4.2,Master's,6,2.0,Manufacturing,1
5.3,Master's,8,1.0,IT,0
8.2,Master's,6,2.0,Manufacturing,1
5.1,PhD,7,2.0,Finance,1
3.3,Master's,4,5.0,Manufacturing,0
7.6,Master's,6,3.0,Healthcare,0
5.7,Bachelor's,8,1.0,Healthcare,1
8.8,PhD,4,2.0,Retail,1
5.0,Bachelor's,6,3.0,IT,1
1.1,Bachelor's,8,1.0,Healthcare,0
0.7,Bachelor's,3,1.0,Manufacturing,1
9.1,Bachelor's,6,0.0,Manufacturing,1
9.3,Master's,4,1.0,Manufacturing,0
4.0,Bachelor's,9,0.0,Healthcare,1
3.4,Master's,3,1.0,Healthcare,0
8.6,Bachelor's,7,2.0,Healthcare,0
1.4,Bachelor's,4,3.0,Healthcare,0
2.0,Bachelor's,7,3.0,Healthcare,0
,Bachelor's,9,0.0,IT,1
3.4,Master's,11,2.0,IT,1
,Bachelor's,5,2.0,Healthcare,0
4.0,Bachelor's,7,0.0,IT,0
5.4,Bachelor's,14,2.0,IT,0
8.4,Master's,5,1.0,IT,0
4.8,PhD,6,1.0,Retail,0
6.3,Master's,9,2.0,Manufacturing,0
0.0,Master's,7,2.0,Healthcare,1
4.4,Master's,9,,Manufacturing,1
2.1,Bachelor's,10,0.0,Manufacturing,1
1.1,Bachelor's,6,4.0,IT,0
2.0,Bachelor's,4,3.0,IT,0
3.6,Bachelor's,6,2.0,IT,0
7.1,Bachelor's,2,2.0,IT,0
0.8,Bachelor's,5,2.0,Healthcare,0
4.6,Bachelor's,6,0.0,IT,1
3.1,Bachelor's,5,0.0,Manufacturing,1
3.6,Bachelor's,9,0.0,Healthcare,0
7.3,Bachelor's,4,2.0,Finance,0
6.0,Master's,8,2.0,Manufacturing,1
8.2,Master's,6,2.0,Manufacturing,0
4.1,Bachelor's,5,1.0,Retail,0
2.6,Bachelor's,10,5.0,Retail,1
3.9,Bachelor's,6,3.0,Manufacturing,0
5.2,Bachelor's,4,1.0,Healthcare,0
5.0,Bachelor's,3,1.0,Manufacturing,0
1.5,Bachelor's,4,1.0,IT,0
4.8,Master's,8,4.0,Healthcare,1
5.1,Master's,9,0.0,Finance,1
11.5,Master's,5,6.0,IT,1
9.8,Master's,3,1.0,IT,1
2.1,Master's,10,0.0,IT,0
3.7,Master's,5,3.0,IT,0
0.4,Master's,4,,IT,1
2.8,Master's,3,2.0,Finance,0
5.4,Master's,4,1.0,Retail,1
7.9,Master's,0,0.0,Healthcare,1
2.5,Bachelor's,4,1.0,Healthcare,0
2.7,Bachelor's,3,2.0,IT,0
0.0,Bachelor's,6,1.0,Manufacturing,0
4.0,Bachelor's,8,6.0,IT,0
1.5,Bachelor's,6,3.0,IT,1
3.0,Bachelor's,6,2.0,Finance,1
,Bachelor's,3,1.0,Manufacturing,1
4.2,Bachelor's,6,2.0,Manufacturing,1
0.0,PhD,7,2.0,Retail,1
0.4,Bachelor's,3,3.0,Retail,1
10.5,Bachelor's,8,0.0,Finance,1
0.9,Bachelor's,6,2.0,Healthcare,0
1.4,Bachelor's,7,5.0,IT,1
9.6,Master's,6,3.0,IT,1
12.6,Master's,9,0.0,Manufacturing,1
1.2,Bachelor's,3,3.0,Manufacturing,0
3.5,Bachelor's,8,0.0,IT,0
5.5,Bachelor's,6,3.0,IT,1
9.3,Master's,5,3.0,IT,1
1.7,PhD,8,4.0,Finance,0
,Master's,6,1.0,IT,0
,Bachelor's,6,0.0,Healthcare,1
5.7,Master's,5,5.0,IT,0
3.4,Master's,11,4.0,IT,1
4.1,Master's,7,1.0,IT,1
0.7,Bachelor's,6,1.0,Retail,0
3.8,Bachelor's,5,1.0,IT,0
3.8,Bachelor's,10,2.0,Finance,1
5.2,Bachelor's,12,2.0,Healthcare,1
2.9,Master's,2,2.0,Retail,0
,Bachelor's,8,5.0,IT,1
7.3,Bachelor's,7,4.0,Retail,0
,Master's,5,2.0,IT,1
5.5,Bachelor's,4,3.0,Healthcare,1
4.6,PhD,6,4.0,Finance,1
4.5,Master's,4,,Manufacturing,0
2.5,Master's,5,1.0,Manufacturing,0
5.4,Master's,6,2.0,Retail,0
4.2,Bachelor's,4,2.0,Manufacturing,1
,Bachelor's,3,0.0,IT,1
8.9,Master's,7,0.0,Healthcare,1
5.6,Bachelor's,7,3.0,IT,1
2.4,Bachelor's,2,1.0,IT,1
1.4,Master's,5,0.0,Finance,1
7.8,Bachelor's,4,2.0,Retail,1
5.2,Bachelor's,3,3.0,Retail,1
5.8,Bachelor's,4,1.0,Manufacturing,0
0.0,Bachelor's,7,1.0,Healthcare,0
7.1,Master's,2,4.0,Manufacturing,1
5.8,Bachelor's,7,0.0,Manufacturing,0
1.4,Bachelor's,6,4.0,Manufacturing,1
3.2,Bachelor's,6,2.0,IT,0
5.2,Master's,3,2.0,Healthcare,1
4.6,Bachelor's,8,2.0,Retail,0
3.7,Bachelor's,9,0.0,Manufacturing,1
4.2,Master's,4,0.0,IT,1
3.8,Bachelor's,3,3.0,IT,1
4.9,Master's,5,0.0,IT,1
8.6,Bachelor's,9,0.0,IT,1
0.0,Bachelor's,3,1.0,Retail,0
3.8,Bachelor's,5,1.0,IT,1
5.0,Master's,9,2.0,Finance,1
5.3,Bachelor's,6,0.0,Retail,0
3.5,Bachelor's,2,3.0,Finance,0
0.0,Bachelor's,7,2.0,IT,0
5.4,Bachelor's,2,2.0,Healthcare,1
9.3,Master's,10,3.0,Finance,1
0.2,PhD,2,3.0,Manufacturing,0
6.9,Bachelor's,7,0.0,Retail,0
3.6,Bachelor's,7,1.0,Manufacturing,1
4.3,Bachelor's,2,0.0,IT,0
1.6,PhD,7,1.0,Retail,0
3.6,Bachelor's,6,3.0,Healthcare,1
8.1,Bachelor's,4,2.0,Retail,1
6.1,PhD,2,4.0,Finance,1
9.4,PhD,11,3.0,IT,1
7.8,Bachelor's,4,1.0,IT,1
5.7,Bachelor's,6,1.0,Manufacturing,1
,Master's,8,4.0,Retail,1
5.7,Master's,3,2.0,IT,0
6.8,Bachelor's,4,2.0,Healthcare,0
3.7,Bachelor's,7,2.0,Retail,1
4.7,Bachelor's,8,1.0,Healthcare,0
2.5,Bachelor's,2,0.0,IT,0
7.3,Bachelor's,3,3.0,Manufacturing,1
1.2,Master's,9,,Healthcare,1
6.7,Bachelor's,5,3.0,Retail,1
4.0,Bachelor's,3,0.0,Healthcare,0
7.8,Master's,8,1.0,Retail,1
6.6,Bachelor's,12,,IT,1
9.6,Bachelor's,6,0.0,Manufacturing,1
6.5,PhD,9,,IT,1
0.1,Bachelor's,0,2.0,Manufacturing,0
4.3,Master's,14,0.0,Manufacturing,0
1.2,Bachelor's,7,5.0,Healthcare,1
3.0,Bachelor's,4,4.0,Healthcare,1
8.7,Master's,2,0.0,IT,1
6.3,Bachelor's,7,2.0,Finance,0
2.5,Bachelor's,6,2.0,Healthcare,0
1.7,Bachelor's,11,3.0,IT,1
4.6,Bachelor's,10,3.0,IT,0
1.1,Bachelor's,7,3.0,Manufacturing,0
,Master's,11,2.0,IT,1
5.4,Master's,5,3.0,IT,1
7.7,Bachelor's,5,3.0,IT,1
6.2,Bachelor's,2,3.0,Healthcare,1
,Bachelor's,4,2.0,Finance,0
5.4,Bachelor's,9,1.0,Retail,0
4.7,Bachelor's,8,4.0,Finance,1
5.7,Master's,6,3.0,IT,1
,Bachelor's,5,2.0,Finance,1
0.0,Bachelor's,4,0.0,IT,0
2.8,Master's,5,3.0,Retail,0
6.2,Bachelor's,4,4.0,IT,1
0.1,Bachelor's,7,1.0,IT,0
8.6,Master's,8,4.0,Finance,1
5.5,Master's,4,1.0,IT,1
6.9,Bachelor's,4,0.0,Healthcare,0
2.9,Bachelor's,5,6.0,Finance,0
6.8,Bachelor's,4,4.0,Manufacturing,1
7.5,Master's,3,2.0,IT,1
5.2,Bachelor's,4,2.0,Healthcare,0
5.2,Master's,15,4.0,Retail,0
5.3,Master's,12,,IT,1
2.1,PhD,7,0.0,Healthcare,1
4.1,Bachelor's,5,2.0,Manufacturing,0
4.1,Bachelor's,6,3.0,Retail,0
5.6,Bachelor's,5,0.0,Manufacturing,1
,Bachelor's,8,4.0,Retail,1
1.5,Bachelor's,7,4.0,Finance,0
4.1,Master's,9,2.0,Manufacturing,1
,Bachelor's,2,2.0,IT,1
2.4,Bachelor's,6,1.0,Healthcare,0
2.2,Bachelor's,3,1.0,Retail,0
5.1,PhD,7,3.0,Manufacturing,1
6.9,Bachelor's,4,,Manufacturing,1
4.5,Master's,7,3.0,IT,1
8.2,Master's,8,2.0,Retail,1
6.9,Bachelor's,5,1.0,IT,0
6.9,Master's,9,2.0,Retail,1
6.1,Bachelor's,6,5.0,Retail,1
11.0,Bachelor's,3,4.0,IT,0
3.9,Bachelor's,8,4.0,Manufacturing,0
0.0,Bachelor's,4,3.0,Finance,0
9.0,Master's,0,2.0,Healthcare,1
3.2,Master's,6,5.0,Manufacturing,0
4.8,Bachelor's,6,1.0,Healthcare,0
8.2,Bachelor's,7,1.0,Healthcare,1
0.0,Bachelor's,6,5.0,IT,0
1.0,Bachelor's,10,1.0,IT,1
0.0,Master's,7,2.0,IT,0
2.3,Bachelor's,8,1.0,IT,1
5.7,Master's,5,1.0,IT,1
,Bachelor's,3,1.0,Healthcare,0
5.3,Master's,5,3.0,Retail,1
0.5,Bachelor's,8,4.0,IT,0
0.0,Bachelor's,5,3.0,Healthcare,0
,Master's,4,2.0,Manufacturing,1
3.2,Bachelor's,4,3.0,IT,0
5.8,Bachelor's,2,5.0,Healthcare,0
6.5,Master's,5,1.0,IT,1
4.9,Bachelor's,7,2.0,Healthcare,0
6.6,Bachelor's,3,3.0,Retail,1
5.1,Bachelor's,4,3.0,IT,0
6.0,Bachelor's,6,2.0,IT,1
2.5,Master's,5,1.0,Manufacturing,1
4.0,Master's,5,3.0,IT,1
5.1,Bachelor's,8,1.0,Retail,0
6.8,Bachelor's,7,1.0,Healthcare,0
3.4,Bachelor's,8,3.0,IT,0
6.0,Bachelor's,8,3.0,Retail,1
3.8,Master's,9,4.0,Healthcare,1
4.2,Bachelor's,8,0.0,IT,1
6.8,Master's,4,2.0,Manufacturing,0
0.0,Master's,8,2.0,Finance,1
0.9,Master's,2,1.0,Retail,0
0.3,Bachelor's,7,3.0,IT,1
0.0,Bachelor's,7,2.0,IT,0
2.6,Master's,11,2.0,Retail,1
6.6,Bachelor's,12,1.0,Healthcare,1
3.7,Bachelor's,3,3.0,IT,0
5.1,Master's,6,1.0,Retail,0
7.5,Master's,3,0.0,Finance,0
8.2,Bachelor's,7,3.0,IT,0
4.3,Master's,2,1.0,Retail,0
8.3,Bachelor's,7,1.0,Healthcare,1
4.8,PhD,3,2.0,Finance,1
2.2,Bachelor's,12,3.0,Retail,0
2.8,Bachelor's,5,0.0,Healthcare,0
0.4,Bachelor's,6,2.0,Manufacturing,0
2.0,Master's,3,0.0,Retail,0
3.5,PhD,6,2.0,Finance,0
6.8,Bachelor's,4,3.0,Finance,1
9.3,Bachelor's,5,3.0,Manufacturing,1
,Bachelor's,3,0.0,Manufacturing,0
5.6,Bachelor's,5,3.0,IT,1
1.6,Master's,6,3.0,IT,1
5.8,Bachelor's,9,4.0,Finance,1
4.1,PhD,3,2.0,Manufacturing,1
0.0,PhD,6,2.0,Manufacturing,0
7.1,Bachelor's,6,0.0,Retail,0
2.8,Bachelor's,12,3.0,IT,1
3.0,PhD,4,,Manufacturing,1
1.5,Master's,6,1.0,IT,0
2.7,Master's,4,2.0,Finance,1
5.7,Bachelor's,10,4.0,Finance,0
4.0,Bachelor's,1,,Healthcare,1
,Master's,8,1.0,Healthcare,1
5.5,Bachelor's,9,4.0,IT,1
8.2,Master's,5,1.0,IT,1
3.5,Master's,4,,Retail,0
0.4,Bachelor's,1,1.0,IT,0
7.5,Bachelor's,5,2.0,Finance,1
3.6,Bachelor's,8,0.0,IT,0
7.6,Master's,7,1.0,IT,1
5.6,Bachelor's,7,6.0,IT,1
4.1,Bachelor's,4,4.0,Retail,0
5.5,PhD,5,3.0,Finance,1
10.0,Master's,7,1.0,IT,1
10.3,Bachelor's,8,4.0,Manufacturing,1
4.7,Master's,5,3.0,IT,1
4.9,Bachelor's,7,0.0,Retail,0
7.5,PhD,3,4.0,IT,0
2.1,Master's,3,7.0,Manufacturing,0
5.4,Bachelor's,5,,IT,1
4.4,Bachelor's,3,6.0,Healthcare,1
5.4,Bachelor's,5,2.0,Healthcare,1
,Master's,5,2.0,Healthcare,1
0.0,Master's,6,1.0,Retail,0
0.0,Bachelor's,6,3.0,IT,0
1.4,PhD,3,4.0,Finance,1
3.2,Bachelor's,6,1.0,Manufacturing,0
3.7,Master's,7,1.0,Manufacturing,1
9.9,Master's,9,2.0,Finance,1
7.6,Bachelor's,6,1.0,Healthcare,1
1.8,Bachelor's,6,2.0,Retail,0
,Master's,5,,Retail,1
3.4,Master's,5,1.0,Manufacturing,1
3.7,Bachelor's,5,4.0,Manufacturing,0
5.0,Master's,4,2.0,Finance,1
6.2,Bachelor's,10,3.0,Healthcare,0
3.6,Bachelor's,6,4.0,Finance,1
,Master's,2,4.0,IT,1
1.3,Bachelor's,7,2.0,Retail,0
4.5,Master's,2,5.0,Healthcare,1
11.8,Master's,5,1.0,IT,1
5.1,Bachelor's,8,4.0,Healthcare,1
8.5,Bachelor's,7,5.0,IT,1
,Bachelor's,3,4.0,IT,1
6.1,Bachelor's,13,3.0,Healthcare,1
4.3,Master's,5,2.0,Retail,0
4.0,Bachelor's,8,0.0,Finance,0
2.3,PhD,7,2.0,IT,1
5.7,Bachelor's,7,2.0,Healthcare,1
2.1,Bachelor's,5,2.0,IT,0
6.4,Master's,4,2.0,Manufacturing,1
7.5,Bachelor's,4,1.0,IT,1
5.5,Master's,0,2.0,Manufacturing,0
3.7,Master's,5,3.0,IT,1
5.8,Master's,5,3.0,IT,0
3.6,Bachelor's,6,0.0,Finance,0
7.1,Bachelor's,6,1.0,Retail,1
0.0,PhD,4,3.0,Manufacturing,1
3.6,Bachelor's,4,4.0,Finance,1
0.0,Master's,4,3.0,Finance,0
0.3,Master's,8,,IT,1
8.3,Bachelor's,10,1.0,Healthcare,1
7.0,Master's,3,1.0,Finance,0
,PhD,7,,Manufacturing,1
0.3,Bachelor's,5,3.0,Finance,1
0.0,Master's,4,3.0,Retail,1
,Master's,7,2.0,Manufacturing,1
11.3,Bachelor's,5,3.0,IT,0
5.7,Master's,4,2.0,Finance,0
2.9,Bachelor's,4,3.0,Manufacturing,0
5.8,Bachelor's,8,2.0,Finance,0
0.1,Master's,9,1.0,Healthcare,1
3.7,PhD,3,2.0,Manufacturing,1
4.8,Bachelor's,2,3.0,IT,1
4.3,Master's,4,3.0,Manufacturing,1
6.7,Bachelor's,10,1.0,Finance,1
5.5,Bachelor's,5,1.0,Healthcare,1
6.4,Bachelor's,5,1.0,IT,0
2.6,Master's,11,0.0,Finance,1
7.0,Bachelor's,8,0.0,IT,1
9.1,Bachelor's,8,0.0,IT,1
1.8,Master's,3,1.0,Finance,1
2.0,Bachelor's,4,1.0,IT,0
8.2,Bachelor's,5,2.0,Healthcare,1
4.0,Bachelor's,5,3.0,IT,1
8.4,Master's,4,2.0,IT,1
3.3,Master's,6,3.0,IT,1
8.6,Master's,7,3.0,Finance,1
4.9,Bachelor's,5,5.0,IT,1
5.2,Bachelor's,9,3.0,IT,1
8.9,Master's,5,0.0,Healthcare,1
3.5,Bachelor's,10,2.0,Retail,1
1.9,Bachelor's,6,3.0,Retail,1
3.2,Bachelor's,8,2.0,IT,1
5.8,Bachelor's,7,4.0,Manufacturing,0
0.1,Bachelor's,7,1.0,Healthcare,0
6.3,PhD,9,0.0,Healthcare,1
3.0,Bachelor's,5,1.0,IT,1
7.7,Master's,5,1.0,IT,1
0.0,Bachelor's,3,0.0,Finance,0
2.3,Master's,3,,IT,0
0.0,Bachelor's,6,2.0,Retail,1
2.2,PhD,6,3.0,IT,0
5.2,Bachelor's,5,1.0,IT,1
4.0,Master's,3,3.0,IT,1
,Bachelor's,5,2.0,IT,1
4.1,Bachelor's,4,1.0,Finance,0
5.1,PhD,7,1.0,IT,1
1.7,Master's,8,3.0,Healthcare,0
,Master's,7,1.0,IT,1
6.4,Master's,2,4.0,Healthcare,0
5.6,PhD,7,1.0,Manufacturing,1
6.1,Bachelor's,5,1.0,Manufacturing,1
5.3,Bachelor's,6,,Healthcare,0
10.2,Bachelor's,5,1.0,Finance,1
4.3,PhD,3,1.0,Retail,1
3.6,Bachelor's,7,2.0,Manufacturing,1
2.4,Bachelor's,6,1.0,Finance,1
1.6,Bachelor's,4,0.0,IT,0
1.0,Bachelor's,9,1.0,Retail,0
2.0,Bachelor's,8,1.0,IT,0
4.3,Bachelor's,7,3.0,Retail,1
5.4,Bachelor's,7,0.0,IT,0
4.6,Master's,6,1.0,IT,0
2.4,Bachelor's,6,1.0,Retail,0
7.0,Bachelor's,4,1.0,Retail,0
6.6,Bachelor's,9,2.0,Healthcare,1
4.1,Bachelor's,5,0.0,Retail,0
2.7,Bachelor's,1,,Manufacturing,0
6.0,Bachelor's,7,0.0,Finance,1
5.0,Bachelor's,7,1.0,Manufacturing,1
0.4,Master's,3,0.0,Finance,0
4.3,Bachelor's,1,2.0,IT,0
5.2,Bachelor's,4,4.0,Manufacturing,0
2.0,Bachelor's,3,2.0,Finance,0
5.0,Bachelor's,10,1.0,Manufacturing,1
0.4,Bachelor's,5,5.0,IT,1
8.2,Bachelor's,2,6.0,IT,0
8.0,Bachelor's,3,1.0,IT,1
3.8,Bachelor's,6,1.0,Healthcare,0
5.5,Master's,3,2.0,Manufacturing,0
0.0,Bachelor's,3,0.0,Finance,0
1.3,Bachelor's,1,1.0,IT,0
3.7,Bachelor's,7,0.0,Finance,0
1.5,Bachelor's,4,2.0,IT,0
6.5,Master's,6,3.0,Healthcare,1
10.1,Bachelor's,4,2.0,Healthcare,1
1.2,Bachelor's,9,5.0,IT,1
2.2,PhD,6,0.0,Finance,1
5.2,Bachelor's,13,0.0,Healthcare,1
,Bachelor's,5,1.0,IT,1
1.1,Master's,8,1.0,Finance,0
5.2,PhD,5,1.0,Healthcare,1
9.6,Bachelor's,6,1.0,Finance,0
0.0,Master's,4,3.0,IT,0
0.9,Bachelor's,6,2.0,IT,0
3.3,Master's,5,1.0,Retail,0
3.0,Bachelor's,8,1.0,IT,1
6.8,Master's,4,1.0,Retail,0
5.2,Bachelor's,5,2.0,Finance,1
0.0,Bachelor's,11,3.0,Finance,1
5.9,Bachelor's,8,2.0,Retail,1
2.9,Master's,5,3.0,Finance,1
8.1,Master's,7,1.0,IT,1
2.7,Master's,6,1.0,IT,1
2.7,PhD,7,0.0,Healthcare,1
6.0,Bachelor's,6,3.0,Finance,1
6.6,Master's,5,1.0,Retail,1
5.8,Bachelor's,3,2.0,Finance,1
0.0,Master's,6,1.0,Finance,0
,Master's,11,1.0,IT,1
1.6,Bachelor's,6,1.0,IT,1
5.2,Bachelor's,7,3.0,Manufacturing,0
0.5,Master's,7,3.0,IT,0
5.7,Master's,3,3.0,Manufacturing,0
2.2,Master's,5,1.0,IT,1
0.9,Bachelor's,4,2.0,Finance,0
6.5,Bachelor's,6,1.0,IT,0
5.2,PhD,0,1.0,Retail,0
2.8,Master's,8,5.0,IT,1
8.6,Bachelor's,7,3.0,Healthcare,1
3.3,Master's,4,1.0,Manufacturing,1
4.6,Master's,6,0.0,Healthcare,0
5.3,Master's,5,2.0,IT,1
,Bachelor's,4,,Retail,0
5.8,Master's,8,1.0,Finance,1
3.0,Master's,8,0.0,IT,0
3.3,Bachelor's,10,4.0,Finance,1
8.3,Bachelor's,4,3.0,Retail,0
1.6,Bachelor's,6,1.0,Finance,0
0.0,Master's,5,0.0,Retail,0
,Bachelor's,2,1.0,Retail,0
11.6,Master's,9,3.0,Finance,1
3.4,Bachelor's,10,3.0,IT,0
0.0,Bachelor's,4,1.0,Retail,0
3.6,Master's,7,1.0,Finance,0
3.7,PhD,4,1.0,IT,0
4.0,Bachelor's,8,3.0,IT,1
1.4,Bachelor's,4,3.0,Manufacturing,0
6.1,Bachelor's,6,3.0,IT,1
6.0,Bachelor's,3,0.0,IT,0
0.3,Bachelor's,4,0.0,IT,0
6.5,Bachelor's,6,0.0,IT,1
10.2,Bachelor's,6,0.0,Manufacturing,1
5.0,Master's,6,,Healthcare,1
3.6,Master's,5,4.0,Retail,0
4.1,Master's,10,2.0,Retail,0
6.2,Bachelor's,6,4.0,Finance,0
0.0,Bachelor's,5,0.0,Retail,0
,Bachelor's,7,0.0,Manufacturing,0
3.4,PhD,4,1.0,Retail,0
9.7,Bachelor's,9,1.0,Retail,1
4.0,Master's,4,3.0,Finance,1
9.2,Bachelor's,4,,Manufacturing,0
1.4,Master's,9,2.0,IT,1
6.1,Bachelor's,10,2.0,Retail,0
5.4,Bachelor's,5,,Finance,0
2.1,Master's,5,1.0,Healthcare,1
5.0,Bachelor's,2,2.0,Manufacturing,0
7.9,Master's,11,2.0,Healthcare,0
3.6,Bachelor's,4,1.0,IT,0
0.0,PhD,11,2.0,Retail,1
4.5,Master's,6,4.0,Manufacturing,1
2.0,Bachelor's,11,0.0,Healthcare,0
3.5,Master's,7,1.0,Manufacturing,1
4.3,Master's,6,1.0,Retail,0
0.0,Bachelor's,7,1.0,Manufacturing,0
0.0,Bachelor's,6,2.0,IT,0
5.8,Bachelor's,5,2.0,Finance,0
3.0,Master's,7,3.0,Manufacturing,0
0.0,Bachelor's,5,1.0,Manufacturing,1
6.7,Master's,4,2.0,IT,1
5.3,Bachelor's,6,2.0,IT,0
2.5,Master's,3,5.0,IT,1
0.8,Bachelor's,6,,Retail,0
6.8,Master's,5,3.0,Manufacturing,1
5.5,Bachelor's,6,5.0,Healthcare,1
11.2,Bachelor's,4,,IT,0
5.7,Bachelor's,4,1.0,IT,0
5.6,Master's,6,4.0,Manufacturing,0
4.0,Bachelor's,8,4.0,IT,1
6.8,Master's,2,0.0,IT,1
6.3,Bachelor's,7,1.0,IT,0
8.0,Bachelor's,5,3.0,Retail,0
3.0,Master's,6,1.0,Finance,0
3.3,Bachelor's,4,,IT,1
3.2,Bachelor's,4,1.0,IT,0
6.7,Bachelor's,5,2.0,Manufacturing,1
8.7,Master's,6,,Finance,1
3.2,PhD,7,2.0,Finance,1
3.3,Bachelor's,7,0.0,IT,0
5.4,Master's,5,0.0,IT,1
3.8,Master's,10,,Retail,1
7.2,Master's,3,2.0,Retail,0
0.0,Bachelor's,7,1.0,Finance,0
2.2,PhD,3,1.0,Manufacturing,1
2.3,Bachelor's,10,2.0,Finance,1
0.0,Master's,5,3.0,Manufacturing,0
1.8,Bachelor's,7,4.0,IT,1
1.9,Master's,6,1.0,IT,1
3.9,PhD,5,4.0,Manufacturing,1
7.6,Master's,3,2.0,Manufacturing,1
3.8,Bachelor's,7,3.0,Retail,1
1.6,Master's,4,2.0,Healthcare,0
4.3,Bachelor's,1,3.0,Retail,0
7.4,Master's,6,1.0,Retail,0
1.8,Bachelor's,2,2.0,IT,0
2.0,Master's,5,2.0,Finance,1
,Bachelor's,5,1.0,Healthcare,1
3.9,Bachelor's,4,3.0,Healthcare,1
6.3,Bachelor's,8,3.0,Manufacturing,0
4.5,Bachelor's,6,3.0,Finance,1
,Bachelor's,2,1.0,IT,1
1.6,Master's,4,3.0,IT,0
4.5,Master's,2,5.0,Manufacturing,1
3.9,Master's,5,2.0,IT,1
1.1,Master's,5,2.0,Manufacturing,0
0.1,Bachelor's,3,1.0,IT,1
6.4,Bachelor's,10,5.0,Finance,0
3.5,Bachelor's,2,2.0,Retail,1
,Bachelor's,3,0.0,Finance,0
4.2,Master's,10,2.0,Retail,1
7.7,Master's,7,3.0,IT,1
0.0,Master's,9,0.0,Finance,1
0.3,Master's,3,3.0,Healthcare,0
1.9,Bachelor's,8,3.0,Manufacturing,1
8.6,Master's,4,2.0,IT,1
5.3,Bachelor's,5,0.0,IT,1
6.6,Master's,5,0.0,Healthcare,0
1.3,Bachelor's,4,3.0,Manufacturing,0
1.4,Bachelor's,7,3.0,Manufacturing,0
5.8,Bachelor's,6,5.0,Manufacturing,1
4.7,Bachelor's,3,3.0,Finance,0
6.0,Bachelor's,7,2.0,Healthcare,0
4.0,Bachelor's,7,1.0,Manufacturing,0
5.3,Bachelor's,3,2.0,Manufacturing,0
4.9,Master's,3,5.0,Retail,1
6.7,Bachelor's,3,2.0,Retail,0
,Bachelor's,1,1.0,Manufacturing,1
0.0,Master's,6,2.0,IT,1
0.0,Bachelor's,7,2.0,IT,1
7.3,Master's,10,1.0,Manufacturing,1
7.8,Bachelor's,5,2.0,Healthcare,0
1.6,Bachelor's,8,1.0,IT,1
0.0,Bachelor's,7,0.0,Finance,0
4.8,Bachelor's,6,1.0,Healthcare,1
7.1,Master's,7,,Retail,1
9.5,Master's,14,4.0,Retail,1
5.9,Bachelor's,7,,IT,1
3.5,Master's,5,3.0,Finance,0
,Bachelor's,7,3.0,IT,0
4.5,Bachelor's,8,1.0,Manufacturing,1
3.7,Master's,5,4.0,IT,1
1.7,Master's,6,3.0,Healthcare,1
10.2,Bachelor's,4,6.0,Healthcare,0
9.5,Bachelor's,6,2.0,Healthcare,0
7.7,Bachelor's,5,2.0,Healthcare,1
1.9,Bachelor's,8,3.0,Retail,1
6.9,Master's,2,1.0,Healthcare,1
6.3,Bachelor's,4,1.0,IT,0
5.7,Master's,11,0.0,Finance,1
8.0,Bachelor's,6,1.0,Healthcare,1
6.3,Bachelor's,8,1.0,IT,1
6.6,Bachelor's,10,4.0,Retail,1
6.3,Bachelor's,4,4.0,IT,1
5.5,Bachelor's,9,3.0,Retail,1
0.0,PhD,4,0.0,IT,0
4.7,Master's,3,0.0,Retail,1
2.9,Master's,9,1.0,IT,1
0.9,Bachelor's,5,2.0,Finance,1
9.2,Master's,6,1.0,IT,1
9.3,Master's,4,6.0,Healthcare,1
8.3,Master's,4,3.0,IT,1
5.2,Bachelor's,4,1.0,Retail,0
8.3,Bachelor's,5,,Healthcare,1
4.5,Master's,6,3.0,Manufacturing,1
,Bachelor's,6,,Retail,1
1.4,Bachelor's,5,5.0,Healthcare,0
5.6,Bachelor's,7,2.0,Retail,1
4.7,Bachelor's,15,1.0,IT,1
0.9,Bachelor's,2,,Healthcare,0
4.4,Master's,9,2.0,Finance,0
4.3,Master's,3,1.0,Retail,0
9.5,Bachelor's,4,1.0,IT,1
7.0,Bachelor's,3,1.0,Finance,0
4.5,PhD,5,2.0,Healthcare,0
5.2,Bachelor's,6,,Finance,1
4.6,Bachelor's,4,6.0,IT,1
3.9,Bachelor's,6,7.0,Finance,1
1.5,Bachelor's,5,2.0,Manufacturing,0
4.1,Master's,5,2.0,IT,1
2.4,Bachelor's,6,4.0,Finance,1
1.0,Master's,8,,Manufacturing,1
5.9,Bachelor's,8,3.0,Manufacturing,0
5.6,PhD,6,1.0,IT,1
0.0,Master's,10,1.0,Healthcare,1
4.2,Bachelor's,5,2.0,IT,1
7.3,Bachelor's,5,2.0,Manufacturing,0
7.5,Bachelor's,5,4.0,Finance,0
,PhD,6,2.0,Finance,1
4.6,Master's,8,1.0,IT,1
2.1,Bachelor's,3,1.0,Healthcare,1
1.5,Bachelor's,8,0.0,IT,0
5.5,PhD,5,2.0,Retail,1
5.6,Master's,1,2.0,Finance,0
8.1,Bachelor's,5,2.0,Healthcare,0
7.6,Bachelor's,7,1.0,Manufacturing,1
4.1,Bachelor's,5,1.0,IT,1
1.0,Master's,10,2.0,IT,1
3.6,Master's,7,1.0,Finance,1
5.1,Master's,10,,Retail,1
3.9,Bachelor's,6,0.0,IT,0
2.9,Master's,9,2.0,Retail,1
5.2,Bachelor's,4,3.0,Finance,1
3.1,Master's,6,1.0,Healthcare,0
2.7,Bachelor's,5,0.0,Healthcare,0
5.4,Master's,6,3.0,IT,1
3.4,Bachelor's,9,1.0,IT,0
5.2,Master's,7,2.0,Retail,1
5.3,Master's,4,3.0,Finance,0
,Master's,5,1.0,Healthcare,0
3.2,Bachelor's,6,1.0,Manufacturing,0
8.5,Master's,3,1.0,IT,0
1.2,Bachelor's,3,3.0,Finance,0
0.0,Bachelor's,10,1.0,Finance,0
0.0,Master's,2,1.0,IT,1
4.6,Master's,2,4.0,Manufacturing,1
4.6,Bachelor's,11,1.0,Manufacturing,0
4.2,PhD,12,2.0,IT,1
7.9,Bachelor's,5,3.0,Manufacturing,1
0.0,Master's,9,2.0,IT,1
5.6,Master's,11,2.0,Manufacturing,0
8.9,Master's,7,0.0,Manufacturing,1
1.3,Master's,5,3.0,IT,1
3.4,PhD,7,2.0,Healthcare,0
2.4,Master's,4,0.0,Retail,1
2.0,Bachelor's,9,3.0,IT,0
3.6,Bachelor's,1,3.0,Finance,0
8.5,Master's,9,3.0,Healthcare,1
9.6,Bachelor's,8,1.0,IT,0
,PhD,3,1.0,IT,1
9.8,Bachelor's,4,2.0,IT,1
4.6,Master's,5,,Retail,1
9.4,Bachelor's,6,4.0,Finance,0
4.2,Master's,3,3.0,Finance,0
4.9,PhD,7,4.0,IT,1
5.5,Bachelor's,8,0.0,IT,0
13.4,Master's,5,2.0,Healthcare,1
6.9,Bachelor's,3,,IT,0
2.5,Master's,6,2.0,Healthcare,1
7.2,Master's,7,0.0,Finance,1
3.5,Bachelor's,10,2.0,Healthcare,1
3.1,Bachelor's,7,2.0,Finance,0
7.0,Bachelor's,3,3.0,Manufacturing,1
4.6,Bachelor's,4,1.0,IT,1
5.3,Master's,4,3.0,Manufacturing,0
4.5,Bachelor's,10,2.0,IT,1
5.4,PhD,3,1.0,IT,0
5.7,PhD,7,1.0,Healthcare,0
0.0,Master's,5,2.0,IT,1
6.4,Master's,6,4.0,Finance,1
1.8,Bachelor's,13,2.0,Retail,1
0.5,Master's,9,3.0,Retail,1
,Master's,5,4.0,Healthcare,0
4.7,PhD,7,2.0,Manufacturing,0
2.6,Bachelor's,3,1.0,Finance,1
6.8,Bachelor's,8,2.0,IT,1
,PhD,5,1.0,Retail,0
3.4,Master's,5,4.0,IT,1
2.9,Bachelor's,9,2.0,IT,0
4.4,Master's,4,1.0,IT,1
5.3,Bachelor's,2,1.0,IT,0
1.7,Bachelor's,5,1.0,IT,0
6.5,Bachelor's,9,0.0,IT,1
4.7,Bachelor's,11,2.0,Healthcare,0
0.0,Bachelor's,4,,Retail,0
0.0,Bachelor's,5,3.0,Manufacturing,0
4.5,Bachelor's,6,2.0,IT,1
3.9,Bachelor's,8,4.0,IT,1
4.2,Bachelor's,5,1.0,Healthcare,1
4.4,Bachelor's,5,1.0,IT,0
5.1,Master's,10,0.0,Finance,1
7.2,Master's,4,1.0,Healthcare,0
1.4,Bachelor's,5,0.0,Retail,0
1.2,Bachelor's,5,1.0,IT,1
1.4,Master's,8,1.0,Healthcare,0
5.3,Master's,9,2.0,Healthcare,0
8.0,PhD,4,5.0,Manufacturing,1
3.3,PhD,4,1.0,IT,1
,Master's,6,1.0,Retail,0
0.0,Master's,7,1.0,Retail,1
2.2,Bachelor's,9,3.0,IT,1
2.9,Master's,5,3.0,Healthcare,0
3.4,PhD,5,4.0,Healthcare,1
4.6,Master's,2,1.0,IT,1
3.6,Bachelor's,2,4.0,Finance,1
7.4,Bachelor's,9,1.0,Finance,0
,Bachelor's,4,4.0,Retail,0
2.1,Bachelor's,7,2.0,IT,0
5.8,Master's,4,4.0,Finance,0
0.2,Master's,6,3.0,IT,0
5.6,Bachelor's,5,0.0,Healthcare,0
4.8,Master's,6,1.0,Retail,1
4.1,Bachelor's,4,0.0,Finance,1
8.9,Bachelor's,6,2.0,Healthcare,1
2.8,Bachelor's,8,2.0,IT,1
10.3,Bachelor's,3,2.0,IT,1
3.9,Master's,6,1.0,Retail,0
0.9,Master's,9,1.0,IT,1
,Master's,3,0.0,Retail,0
1.5,Bachelor's,5,1.0,Healthcare,1
2.4,Master's,5,1.0,Manufacturing,0
5.6,Bachelor's,10,1.0,IT,1
6.1,Bachelor's,7,4.0,Finance,1
2.8,Master's,1,0.0,IT,0
7.3,Master's,4,4.0,Manufacturing,1
7.7,Master's,5,3.0,Healthcare,1
8.5,Bachelor's,5,2.0,Healthcare,1
6.0,Master's,7,4.0,Retail,1
8.3,Bachelor's,3,1.0,IT,1
0.0,Bachelor's,7,1.0,Healthcare,1
3.6,Master's,8,3.0,Retail,0
2.1,Master's,7,3.0,IT,1
4.8,Master's,3,2.0,Manufacturing,1
2.9,Master's,6,2.0,Manufacturing,1
4.0,Bachelor's,10,4.0,Manufacturing,1
9.8,PhD,10,1.0,Retail,1
4.0,PhD,10,2.0,IT,1
5.7,Bachelor's,5,1.0,Healthcare,0
3.8,Bachelor's,3,1.0,IT,1
4.7,Bachelor's,6,2.0,Retail,1
4.5,Master's,6,1.0,IT,1
5.8,PhD,5,1.0,Manufacturing,1
7.8,Master's,5,3.0,IT,1
9.1,Bachelor's,9,1.0,IT,0
5.4,Bachelor's,9,3.0,IT,0
6.2,Bachelor's,9,2.0,Retail,0
1.3,Bachelor's,5,3.0,IT,0
4.3,Bachelor's,5,1.0,IT,0
7.1,Bachelor's,6,4.0,IT,1
,Bachelor's,6,1.0,IT,1
5.1,Bachelor's,4,4.0,Manufacturing,0
7.0,Master's,6,1.0,Finance,1
5.9,Bachelor's,6,2.0,IT,1
7.9,Bachelor's,7,0.0,IT,1
5.3,Master's,8,1.0,IT,1
3.5,PhD,9,0.0,Finance,1
5.4,Master's,3,3.0,IT,1
0.0,Master's,4,2.0,IT,1
5.6,Master's,5,2.0,IT,1
0.0,Master's,6,3.0,IT,0
0.0,Master's,9,2.0,Retail,0
5.8,Bachelor's,7,0.0,IT,1
5.8,Bachelor's,6,1.0,Healthcare,0
1.2,Bachelor's,5,1.0,Healthcare,0
2.5,Bachelor's,5,4.0,Manufacturing,0
8.3,Bachelor's,9,3.0,IT,1
3.1,Bachelor's,6,6.0,Retail,1
10.8,Bachelor's,8,2.0,Manufacturing,1
,Bachelor's,3,1.0,Manufacturing,0
5.6,Bachelor's,8,1.0,Retail,1
9.0,Bachelor's,6,1.0,IT,1
4.9,Bachelor's,4,,Manufacturing,0
1.7,Bachelor's,4,4.0,Retail,1
4.2,Master's,3,1.0,IT,1
4.4,Bachelor's,6,3.0,IT,1
0.7,Bachelor's,4,0.0,Manufacturing,0
3.8,Bachelor's,6,3.0,IT,1
2.4,Bachelor's,6,1.0,Retail,0
7.1,Bachelor's,9,1.0,Finance,1
4.6,Bachelor's,9,4.0,Retail,0
3.7,Bachelor's,6,5.0,IT,1
4.2,PhD,4,2.0,Retail,0
5.1,Master's,4,2.0,Finance,1
6.2,Bachelor's,6,0.0,Manufacturing,0
1.7,Bachelor's,7,,IT,0
1.6,Master's,6,1.0,IT,1
7.6,Bachelor's,7,2.0,IT,1
3.3,PhD,3,0.0,IT,0
0.5,Bachelor's,7,5.0,Manufacturing,1
5.7,Bachelor's,13,2.0,IT,1
5.8,Bachelor's,6,3.0,IT,0
0.2,Master's,4,2.0,Retail,0
5.1,PhD,7,0.0,IT,1
6.6,Master's,6,,IT,1
5.5,Bachelor's,9,4.0,Healthcare,0
6.3,Master's,2,,Finance,0
0.6,Bachelor's,5,1.0,Manufacturing,0
5.4,Bachelor's,10,2.0,Healthcare,1
3.7,Master's,11,0.0,IT,1
3.1,PhD,4,4.0,Healthcare,0
6.9,Bachelor's,7,1.0,Manufacturing,1
8.6,Bachelor's,5,4.0,Finance,0
9.5,Bachelor's,6,0.0,Retail,0
8.2,Bachelor's,4,1.0,Finance,1
,Bachelor's,6,2.0,Healthcare,0
,Master's,5,1.0,Retail,1
6.6,Bachelor's,6,1.0,IT,1
4.8,Master's,8,1.0,Finance,1
4.9,Bachelor's,11,1.0,IT,1
6.8,Bachelor's,4,2.0,Retail,1
4.3,Bachelor's,5,3.0,Healthcare,0
2.5,Bachelor's,5,2.0,IT,1
3.3,Bachelor's,8,0.0,IT,0
6.3,Master's,6,4.0,Manufacturing,0
4.5,PhD,8,0.0,IT,1
,Bachelor's,5,2.0,IT,0
6.4,Master's,8,3.0,IT,1
3.5,Master's,7,0.0,Healthcare,0
6.6,Bachelor's,6,2.0,IT,1
5.6,Master's,7,1.0,Manufacturing,0
1.0,PhD,9,3.0,Retail,1
8.5,Master's,7,3.0,IT,1
3.1,Bachelor's,6,3.0,Healthcare,0
0.0,Master's,6,2.0,IT,0
1.6,Bachelor's,3,2.0,IT,0
1.6,Master's,9,1.0,Healthcare,1
4.6,PhD,9,3.0,IT,1
3.7,Bachelor's,9,0.0,Manufacturing,0
3.6,Master's,4,,Healthcare,1
6.2,Bachelor's,6,4.0,IT,0
5.5,Bachelor's,4,3.0,Manufacturing,0
5.4,Master's,6,3.0,Healthcare,1
5.6,Master's,6,2.0,IT,1
6.2,Bachelor's,7,4.0,Finance,1
0.0,Master's,6,0.0,Manufacturing,0
3.5,Bachelor's,5,,Finance,0
0.0,Master's,6,3.0,Finance,0
4.6,Master's,7,7.0,Finance,0
4.5,Master's,7,1.0,IT,1
7.4,Bachelor's,5,4.0,IT,1
7.8,Bachelor's,6,0.0,Healthcare,1
5.1,Master's,8,1.0,Manufacturing,0
3.1,Bachelor's,5,3.0,Retail,1
5.9,Bachelor's,9,,IT,1
3.0,Master's,11,2.0,Finance,1
4.5,Master's,7,1.0,IT,1
7.3,Master's,9,1.0,IT,1
2.9,Master's,5,1.0,Healthcare,0
6.8,PhD,8,2.0,IT,1
6.4,Bachelor's,5,3.0,Manufacturing,1
1.8,Master's,5,3.0,Finance,0
7.2,Master's,3,1.0,Healthcare,1
6.5,Master's,13,0.0,Manufacturing,1
4.8,Bachelor's,4,3.0,Retail,0
,Bachelor's,5,1.0,Manufacturing,0
2.1,Bachelor's,7,2.0,Retail,0
3.0,Master's,8,0.0,Healthcare,1
6.0,Bachelor's,2,2.0,IT,0
1.8,Master's,6,2.0,IT,1
,Master's,9,1.0,Manufacturing,1
1.0,Bachelor's,6,2.0,IT,0
3.9,Master's,6,,Manufacturing,0
4.8,Bachelor's,6,3.0,IT,1
11.3,Bachelor's,2,5.0,Retail,0
,Bachelor's,11,4.0,IT,0
8.6,Bachelor's,7,2.0,Manufacturing,1
4.9,Master's,11,1.0,IT,1
5.7,Bachelor's,4,2.0,Finance,1
4.8,Bachelor's,4,1.0,Manufacturing,0
,Bachelor's,7,1.0,IT,0
4.1,Master's,7,2.0,IT,1
8.6,Bachelor's,5,1.0,Manufacturing,1
3.2,Bachelor's,4,0.0,Manufacturing,0
7.7,PhD,4,1.0,IT,1
2.7,Bachelor's,8,0.0,Healthcare,0
4.3,Bachelor's,5,5.0,IT,1
1.5,Bachelor's,2,4.0,IT,0
5.8,Master's,5,4.0,Healthcare,0
8.5,Master's,4,1.0,IT,0
4.3,Bachelor's,8,1.0,Finance,1
3.9,Master's,5,2.0,IT,1
1.4,Master's,6,2.0,Manufacturing,0
3.9,Master's,6,1.0,Healthcare,0
0.0,Master's,7,3.0,IT,0
1.9,Master's,6,,Manufacturing,1
5.1,Bachelor's,3,3.0,Retail,0
,Bachelor's,3,0.0,IT,1
12.4,PhD,3,0.0,Manufacturing,1
2.9,Master's,5,2.0,IT,1
8.5,Bachelor's,1,2.0,IT,1
5.2,Master's,5,0.0,Finance,0
4.1,Master's,2,,IT,0
,Master's,6,1.0,Retail,0
4.7,Master's,6,2.0,Healthcare,1
4.8,Bachelor's,8,3.0,Manufacturing,1
3.4,Master's,10,4.0,IT,1
,PhD,5,1.0,IT,0
0.2,Bachelor's,4,1.0,Finance,0
6.3,Bachelor's,7,1.0,IT,1
3.7,Master's,10,1.0,Manufacturing,1
2.8,Bachelor's,10,4.0,Retail,1
,Bachelor's,7,1.0,Retail,0
6.7,Bachelor's,5,4.0,Retail,0
5.0,Bachelor's,15,,IT,1
2.7,Bachelor's,6,1.0,IT,1
7.9,Master's,5,3.0,Finance,1
8.9,Master's,4,1.0,Retail,1
,Master's,8,1.0,IT,1
7.2,Bachelor's,7,4.0,IT,1
8.0,Bachelor's,5,1.0,Healthcare,1
7.7,Bachelor's,5,2.0,IT,0
,Master's,5,1.0,Healthcare,1
6.2,PhD,6,0.0,IT,1
6.0,Bachelor's,3,2.0,Finance,0
,PhD,6,4.0,Finance,1
6.5,Bachelor's,5,1.0,Manufacturing,1
0.7,Bachelor's,7,2.0,Retail,0
2.3,Master's,6,,IT,1
8.1,Bachelor's,4,3.0,Retail,0
6.9,PhD,8,0.0,Retail,1
8.7,Bachelor's,5,4.0,Healthcare,1
3.7,Master's,4,1.0,Manufacturing,0
1.3,Bachelor's,6,3.0,Retail,1
3.8,Bachelor's,8,2.0,IT,1
4.8,Bachelor's,6,0.0,Finance,0
4.7,PhD,7,2.0,IT,1
7.7,Master's,2,2.0,Finance,1
3.5,Master's,11,1.0,Manufacturing,0
5.5,Bachelor's,5,,Healthcare,0
1.7,Bachelor's,8,2.0,IT,1
5.8,Bachelor's,2,3.0,Manufacturing,1
4.5,Master's,6,2.0,Retail,0
2.4,Bachelor's,14,3.0,IT,1
3.8,Bachelor's,6,3.0,Manufacturing,1
4.0,Master's,4,4.0,IT,1
3.7,Master's,4,2.0,Finance,0
9.5,Bachelor's,5,2.0,Finance,0
4.2,Bachelor's,12,2.0,Manufacturing,1
3.8,Bachelor's,6,3.0,IT,0
0.0,Master's,6,2.0,IT,0
2.0,Bachelor's,4,1.0,Healthcare,0
3.8,Master's,1,0.0,Manufacturing,1
2.6,Bachelor's,6,3.0,IT,0
8.4,Master's,7,,IT,1
4.0,PhD,10,2.0,Manufacturing,0
8.1,Bachelor's,8,4.0,Retail,1
,Bachelor's,9,1.0,IT,1
4.6,Bachelor's,5,2.0,Finance,0
4.3,Master's,6,1.0,Finance,1
4.5,Bachelor's,4,1.0,Healthcare,0
9.3,Master's,7,2.0,Healthcare,1
,Bachelor's,5,3.0,Retail,0
0.0,Bachelor's,5,4.0,IT,0
3.0,Master's,3,,Retail,0
4.5,Master's,6,0.0,IT,0
6.4,Master's,10,1.0,Manufacturing,0
5.8,Master's,5,3.0,IT,1
3.4,Master's,6,0.0,IT,1
7.4,Bachelor's,4,2.0,IT,1
7.4,Master's,5,2.0,IT,0
5.0,Master's,9,3.0,Finance,1
7.2,Master's,9,1.0,Healthcare,1
5.3,PhD,7,2.0,Manufacturing,0
2.9,Bachelor's,7,2.0,Finance,0
6.5,Master's,10,3.0,Healthcare,1
4.8,Master's,8,3.0,IT,1
4.5,Bachelor's,6,3.0,Retail,1
8.6,Master's,7,3.0,IT,1
,Bachelor's,7,3.0,IT,1
0.5,Bachelor's,5,1.0,IT,0
1.2,Bachelor's,4,2.0,IT,1
3.5,Master's,8,2.0,Healthcare,0
3.8,Master's,7,1.0,IT,1
0.3,Bachelor's,5,0.0,IT,0
1.7,Bachelor's,3,0.0,Retail,0
2.1,Bachelor's,8,2.0,IT,0
11.4,Bachelor's,2,1.0,Healthcare,0
,Bachelor's,5,1.0,Finance,0
3.3,Bachelor's,9,0.0,Manufacturing,0
,Master's,10,0.0,Retail,1
1.3,Bachelor's,6,3.0,IT,0
0.0,Master's,6,3.0,Manufacturing,1
4.2,Master's,4,6.0,Finance,1
1.7,Bachelor's,12,1.0,IT,0
4.3,Master's,7,1.0,Healthcare,1
0.0,Bachelor's,9,1.0,Retail,0
2.4,Bachelor's,3,0.0,IT,1
4.9,Bachelor's,7,2.0,Finance,1
5.5,Bachelor's,7,4.0,IT,0
5.7,PhD,8,0.0,Healthcare,0
0.8,Master's,6,2.0,Manufacturing,0
6.9,Master's,4,2.0,Finance,0
2.3,Bachelor's,4,1.0,Manufacturing,0
6.3,PhD,5,0.0,IT,1
4.5,Bachelor's,8,5.0,Retail,0
0.6,Bachelor's,12,1.0,Manufacturing,0
3.6,PhD,2,3.0,Retail,0
5.5,Bachelor's,8,0.0,IT,1
6.2,Bachelor's,5,4.0,IT,1
4.1,Bachelor's,6,3.0,IT,1
8.8,Bachelor's,4,,Healthcare,1
7.3,Master's,6,0.0,Manufacturing,1
3.8,Bachelor's,7,1.0,Finance,0
6.6,PhD,9,4.0,IT,1
9.9,Bachelor's,4,1.0,IT,1
10.0,Master's,4,1.0,Healthcare,1
1.1,Master's,4,0.0,Healthcare,0
1.9,Master's,5,0.0,IT,1
8.7,Bachelor's,5,0.0,Retail,1
1.5,Bachelor's,4,5.0,IT,1
